[
  0,
  {
    "teamInfo": {
      "leftId": "3",
      "leftName": "\u9e48\u9e55",
      "leftBadge": "http:\/\/mat1.gtimg.com\/sports\/nba\/logo\/1602\/3.png",
      "leftGoal": "112",
      "rightId": "15",
      "rightName": "\u96c4\u9e7f",
      "rightBadge": "http:\/\/mat1.gtimg.com\/sports\/nba\/logo\/1602\/15.png",
      "rightGoal": "106"
    },
    "stats": [
      {
        "type": "9",
        "text": "\u96c6\u9526",
        "list": [
          {
            "type": "video",
            "checkUpTime": "2016-11-11 15:25:49",
            "title": "\u9e48\u9e55112-106\u96c4\u9e7f \u5e15\u514b\u7a7a\u780d33\u5206\u6d53\u770932\u5206\u4e0a\u6f14\u51b2\u5929\u66b4\u6263",
            "secondTitle": "",
            "videoCate": "3",
            "cateDesc": "\u5168\u573a\u96c6\u9526",
            "desc": "",
            "pic": "http:\/\/vpic.video.qq.com\/86895705\/l0022j2h94x_160_90_3.jpg",
            "duration": "00:02:36",
            "view": "196476",
            "covers": "99lrhev536a3qvw+qmmcdz77wwiiqa9",
            "playUrl": "http:\/\/v.qq.com\/page\/l\/4\/x\/l0022j2h94x.html",
            "isPay": "0",
            "tag": "\u96c6\u9526",
            "competitionId": "100000",
            "matchId": "1469151",
            "matchIndex": "1",
            "pic2": "http:\/\/vpic.video.qq.com\/86895705\/l0022j2h94x_ori_3.jpg",
            "vid": "l0022j2h94x"
          },
          {
            "type": "video",
            "checkUpTime": "2016-11-11 14:15:32",
            "title": "\u9e48\u9e55112-106\u96c4\u9e7f \u5e15\u514b\u7a7a\u780d33\u5206\u6d53\u770932\u5206\u4e0a\u6f14\u51b2\u5929\u66b4\u6263",
            "secondTitle": "",
            "videoCate": "3",
            "cateDesc": "\u5168\u573a\u96c6\u9526",
            "desc": "",
            "pic": "http:\/\/vpic.video.qq.com\/3988620\/c0022eqmeit_160_90_3.jpg",
            "duration": "00:02:12",
            "view": "138256",
            "covers": "99lrhev536a3qvw",
            "playUrl": "http:\/\/v.qq.com\/page\/c\/i\/t\/c0022eqmeit.html",
            "isPay": "0",
            "tag": "\u539f\u58f0",
            "competitionId": "100000",
            "matchId": "1469151",
            "matchIndex": "2",
            "pic2": "http:\/\/vpic.video.qq.com\/3988620\/c0022eqmeit_ori_3.jpg",
            "vid": "c0022eqmeit"
          },
          {
            "type": "video",
            "checkUpTime": "2016-11-11 12:56:49",
            "title": "\u6234\u7ef4\u65af\u96c6\u9526 \u780d32\u5206\u4e0a\u6f14\u51b2\u5929\u66b4\u6263",
            "secondTitle": "",
            "videoCate": "6",
            "cateDesc": "\u7403\u661f\u96c6\u9526",
            "desc": "",
            "pic": "http:\/\/vpic.video.qq.com\/42817589\/w00226a51vg_160_90_3.jpg",
            "duration": "00:03:14",
            "view": "90378",
            "covers": "99lrhev536a3qvw+k4r4etmseypd5f0",
            "playUrl": "http:\/\/v.qq.com\/page\/w\/v\/g\/w00226a51vg.html",
            "isPay": "0",
            "tag": "\u7403\u661f",
            "competitionId": "100000",
            "matchId": "1469151",
            "matchIndex": "3",
            "pic2": "http:\/\/vpic.video.qq.com\/42817589\/w00226a51vg_ori_3.jpg",
            "vid": "w00226a51vg"
          },
          {
            "type": "video",
            "checkUpTime": "2016-11-11 12:51:17",
            "title": "\u8f70\u70b8\u673a\u6765\u4e86\uff01\u8d3e\u5df4\u91cc\u5e15\u514b\u6ed1\u7fd4\u5355\u624b\u7a7a\u63a5\u66b4\u6263",
            "secondTitle": "",
            "videoCate": "8",
            "cateDesc": "\u7bee\u7403\u4e8b\u4ef6",
            "desc": "",
            "pic": "http:\/\/vpic.video.qq.com\/98955409\/d0022lcrbm9_160_90_3.jpg",
            "duration": "00:00:41",
            "view": "34530",
            "covers": "99lrhev536a3qvw",
            "playUrl": "http:\/\/v.qq.com\/page\/d\/m\/9\/d0022lcrbm9.html",
            "isPay": "0",
            "tag": "\u6263\u7bee",
            "competitionId": "100000",
            "matchId": "1469151",
            "matchIndex": "4",
            "event": {
              "type": "7",
              "cateId": "2",
              "playerId": "5293",
              "playerName": "\u5e15\u514b",
              "playerLogo": "http:\/\/mat1.gtimg.com\/sports\/NBAImages\/PlayerImages\/noplayer.gif",
              "competitionId": "100000",
              "teamId": "15",
              "teamName": "\u96c4\u9e7f",
              "teamLogo": "http:\/\/mat1.gtimg.com\/sports\/nba\/logo\/1602\/15.png",
              "matchId": "1469151",
              "startTime": "2016-11-11 09:00:00",
              "match": "NBA\u5e38\u89c4\u8d5b: \u9e48\u9e55 vs \u96c4\u9e7f"
            },
            "pic2": "http:\/\/vpic.video.qq.com\/98955409\/d0022lcrbm9_ori_3.jpg",
            "vid": "d0022lcrbm9"
          },
          {
            "type": "video",
            "checkUpTime": "2016-11-11 10:29:26",
            "title": "\u5b57\u6bcd\u54e5\u79f0\u9738\u5185\u7ebf \u8f6c\u8eab\u6012\u6263\u6b8b\u66b4\u81f3\u6781",
            "secondTitle": "",
            "videoCate": "8",
            "cateDesc": "\u7bee\u7403\u4e8b\u4ef6",
            "desc": "",
            "pic": "http:\/\/vpic.video.qq.com\/44683575\/p0022mvcymw_160_90_3.jpg",
            "duration": "00:01:00",
            "view": "95544",
            "covers": "99lrhev536a3qvw",
            "playUrl": "http:\/\/v.qq.com\/page\/p\/m\/w\/p0022mvcymw.html",
            "isPay": "0",
            "tag": "\u6263\u7bee",
            "competitionId": "100000",
            "matchId": "1469151",
            "matchIndex": "5",
            "event": {
              "type": "7",
              "cateId": "2",
              "playerId": "5185",
              "playerName": "\u963f\u5fb7\u6258\u6606\u535a",
              "playerLogo": "http:\/\/mat1.gtimg.com\/sports\/NBAImages\/PlayerImages\/antetokounmpo.png",
              "competitionId": "100000",
              "teamId": "15",
              "teamName": "\u96c4\u9e7f",
              "teamLogo": "http:\/\/mat1.gtimg.com\/sports\/nba\/logo\/1602\/15.png",
              "matchId": "1469151",
              "startTime": "2016-11-11 09:00:00",
              "match": "NBA\u5e38\u89c4\u8d5b: \u9e48\u9e55 vs \u96c4\u9e7f"
            },
            "pic2": "http:\/\/vpic.video.qq.com\/44683575\/p0022mvcymw_ori_3.jpg",
            "vid": "p0022mvcymw"
          },
          {
            "type": "video",
            "checkUpTime": "2016-11-11 09:52:59",
            "title": "\u5b57\u6bcd\u54e5\u957f\u81c2\u622a\u80e1 \u4e00\u6761\u9f99\u5feb\u653b\u4e0a\u7bee\u7f8e\u5982\u753b",
            "secondTitle": "",
            "videoCate": "8",
            "cateDesc": "\u7bee\u7403\u4e8b\u4ef6",
            "desc": "",
            "pic": "http:\/\/vpic.video.qq.com\/82384249\/p0022ld1fsk_160_90_3.jpg",
            "duration": "00:00:40",
            "view": "60437",
            "covers": "99lrhev536a3qvw",
            "playUrl": "http:\/\/v.qq.com\/page\/p\/s\/k\/p0022ld1fsk.html",
            "isPay": "0",
            "tag": "\u5f97\u5206",
            "competitionId": "100000",
            "matchId": "1469151",
            "matchIndex": "6",
            "event": {
              "type": "7",
              "cateId": "2",
              "playerId": "5185",
              "playerName": "\u963f\u5fb7\u6258\u6606\u535a",
              "playerLogo": "http:\/\/mat1.gtimg.com\/sports\/NBAImages\/PlayerImages\/antetokounmpo.png",
              "competitionId": "100000",
              "teamId": "15",
              "teamName": "\u96c4\u9e7f",
              "teamLogo": "http:\/\/mat1.gtimg.com\/sports\/nba\/logo\/1602\/15.png",
              "matchId": "1469151",
              "startTime": "2016-11-11 09:00:00",
              "match": "NBA\u5e38\u89c4\u8d5b: \u9e48\u9e55 vs \u96c4\u9e7f"
            },
            "pic2": "http:\/\/vpic.video.qq.com\/82384249\/p0022ld1fsk_ori_3.jpg",
            "vid": "p0022ld1fsk"
          },
          {
            "type": "video",
            "checkUpTime": "2016-11-11 09:31:47",
            "title": "\u6d53\u7709\u54e5\u65e0\u4eba\u80fd\u6321\uff01 \u5207\u5165\u66b4\u6263\u4e00\u89c8\u4f17\u5c71\u5c0f",
            "secondTitle": "",
            "videoCate": "8",
            "cateDesc": "\u7bee\u7403\u4e8b\u4ef6",
            "desc": "",
            "pic": "http:\/\/vpic.video.qq.com\/30900003\/n00224y5lba_160_90_3.jpg",
            "duration": "00:00:43",
            "view": "32304",
            "covers": "99lrhev536a3qvw",
            "playUrl": "http:\/\/v.qq.com\/page\/n\/b\/a\/n00224y5lba.html",
            "isPay": "0",
            "tag": "\u6263\u7bee",
            "competitionId": "100000",
            "matchId": "1469151",
            "matchIndex": "7",
            "event": {
              "type": "7",
              "cateId": "2",
              "playerId": "5007",
              "playerName": "\u6234\u7ef4\u65af",
              "playerLogo": "http:\/\/mat1.gtimg.com\/sports\/NBAImages\/PlayerImages\/AnthonyDavis.png",
              "competitionId": "100000",
              "teamId": "3",
              "teamName": "\u9e48\u9e55",
              "teamLogo": "http:\/\/mat1.gtimg.com\/sports\/nba\/logo\/1602\/3.png",
              "matchId": "1469151",
              "startTime": "2016-11-11 09:00:00",
              "match": "NBA\u5e38\u89c4\u8d5b: \u9e48\u9e55 vs \u96c4\u9e7f"
            },
            "pic2": "http:\/\/vpic.video.qq.com\/30900003\/n00224y5lba_ori_3.jpg",
            "vid": "n00224y5lba"
          },
          {
            "type": "video",
            "checkUpTime": "2016-11-11 09:28:31",
            "title": "\u961f\u53cb\u4e0d\u7ed9\u529b\uff1f \u6d53\u7709\u54e5\u51b2\u5929\u8865\u6263\u9738\u6c14\u8db3",
            "secondTitle": "",
            "videoCate": "8",
            "cateDesc": "\u7bee\u7403\u4e8b\u4ef6",
            "desc": "",
            "pic": "http:\/\/vpic.video.qq.com\/27410319\/c00228hsk3w_160_90_3.jpg",
            "duration": "00:00:32",
            "view": "589142",
            "covers": "99lrhev536a3qvw",
            "playUrl": "http:\/\/v.qq.com\/page\/c\/3\/w\/c00228hsk3w.html",
            "isPay": "0",
            "tag": "\u6263\u7bee",
            "competitionId": "100000",
            "matchId": "1469151",
            "matchIndex": "8",
            "event": {
              "type": "7",
              "cateId": "2",
              "playerId": "5007",
              "playerName": "\u6234\u7ef4\u65af",
              "playerLogo": "http:\/\/mat1.gtimg.com\/sports\/NBAImages\/PlayerImages\/AnthonyDavis.png",
              "competitionId": "100000",
              "teamId": "3",
              "teamName": "\u9e48\u9e55",
              "teamLogo": "http:\/\/mat1.gtimg.com\/sports\/nba\/logo\/1602\/3.png",
              "matchId": "1469151",
              "startTime": "2016-11-11 09:00:00",
              "match": "NBA\u5e38\u89c4\u8d5b: \u9e48\u9e55 vs \u96c4\u9e7f"
            },
            "pic2": "http:\/\/vpic.video.qq.com\/27410319\/c00228hsk3w_ori_3.jpg",
            "vid": "c00228hsk3w"
          },
          {
            "type": "video",
            "checkUpTime": "2016-11-11 09:26:46",
            "title": "\u5b57\u6bcd\u54e5\u5927\u6b65\u6d41\u661f \u9ad8\u629b\u6295\u6253\u62102\uff0b1",
            "secondTitle": "",
            "videoCate": "8",
            "cateDesc": "\u7bee\u7403\u4e8b\u4ef6",
            "desc": "",
            "pic": "http:\/\/vpic.video.qq.com\/59043195\/x0022ruj2mo_160_90_3.jpg",
            "duration": "00:00:54",
            "view": "10654",
            "covers": "99lrhev536a3qvw",
            "playUrl": "http:\/\/v.qq.com\/page\/x\/m\/o\/x0022ruj2mo.html",
            "isPay": "0",
            "tag": "\u5f97\u5206",
            "competitionId": "100000",
            "matchId": "1469151",
            "matchIndex": "9",
            "event": {
              "type": "7",
              "cateId": "2",
              "playerId": "5185",
              "playerName": "\u963f\u5fb7\u6258\u6606\u535a",
              "playerLogo": "http:\/\/mat1.gtimg.com\/sports\/NBAImages\/PlayerImages\/antetokounmpo.png",
              "competitionId": "100000",
              "teamId": "15",
              "teamName": "\u96c4\u9e7f",
              "teamLogo": "http:\/\/mat1.gtimg.com\/sports\/nba\/logo\/1602\/15.png",
              "matchId": "1469151",
              "startTime": "2016-11-11 09:00:00",
              "match": "NBA\u5e38\u89c4\u8d5b: \u9e48\u9e55 vs \u96c4\u9e7f"
            },
            "pic2": "http:\/\/vpic.video.qq.com\/59043195\/x0022ruj2mo_ori_3.jpg",
            "vid": "x0022ruj2mo"
          },
          {
            "type": "video",
            "checkUpTime": "2016-11-11 09:35:03",
            "title": "\u6050\u6016\u7684\u4e2a\u4eba\u5b9e\u529b\uff01 \u6d53\u7709\u54e5\u7f1d\u9699\u7a81\u7834\u9020\u6740\u4f24",
            "secondTitle": "",
            "videoCate": "8",
            "cateDesc": "\u7bee\u7403\u4e8b\u4ef6",
            "desc": "",
            "pic": "http:\/\/vpic.video.qq.com\/54385426\/i0022y62loi_160_90_3.jpg",
            "duration": "00:00:49",
            "view": "14359",
            "covers": "99lrhev536a3qvw",
            "playUrl": "http:\/\/v.qq.com\/page\/i\/o\/i\/i0022y62loi.html",
            "isPay": "0",
            "tag": "\u5f97\u5206",
            "competitionId": "100000",
            "matchId": "1469151",
            "matchIndex": "10",
            "event": {
              "type": "7",
              "cateId": "2",
              "playerId": "5007",
              "playerName": "\u6234\u7ef4\u65af",
              "playerLogo": "http:\/\/mat1.gtimg.com\/sports\/NBAImages\/PlayerImages\/AnthonyDavis.png",
              "competitionId": "100000",
              "teamId": "3",
              "teamName": "\u9e48\u9e55",
              "teamLogo": "http:\/\/mat1.gtimg.com\/sports\/nba\/logo\/1602\/3.png",
              "matchId": "1469151",
              "startTime": "2016-11-11 09:00:00",
              "match": "NBA\u5e38\u89c4\u8d5b: \u9e48\u9e55 vs \u96c4\u9e7f"
            },
            "pic2": "http:\/\/vpic.video.qq.com\/54385426\/i0022y62loi_ori_3.jpg",
            "vid": "i0022y62loi"
          },
          {
            "type": "video",
            "checkUpTime": "2016-11-11 09:17:32",
            "title": "\u5fb7\u62c9\u7ef4\u591a\u74e6\u5f00\u573a\u624b\u70ed \u6025\u901f\u7a81\u7834\u6253\u4e09\u5206",
            "secondTitle": "",
            "videoCate": "8",
            "cateDesc": "\u7bee\u7403\u4e8b\u4ef6",
            "desc": "",
            "pic": "http:\/\/vpic.video.qq.com\/31907301\/j0022soqgon_160_90_3.jpg",
            "duration": "00:00:34",
            "view": "10492",
            "covers": "99lrhev536a3qvw",
            "playUrl": "http:\/\/v.qq.com\/page\/j\/o\/n\/j0022soqgon.html",
            "isPay": "0",
            "tag": "\u5f97\u5206",
            "competitionId": "100000",
            "matchId": "1469151",
            "matchIndex": "11",
            "event": {
              "type": "7",
              "cateId": "2",
              "playerId": "5249",
              "playerName": "\u5fb7\u62c9\u7ef4\u591a\u74e6",
              "playerLogo": "http:\/\/mat1.gtimg.com\/sports\/NBAImages\/PlayerImages\/dellavedova.png",
              "competitionId": "100000",
              "teamId": "15",
              "teamName": "\u96c4\u9e7f",
              "teamLogo": "http:\/\/mat1.gtimg.com\/sports\/nba\/logo\/1602\/15.png",
              "matchId": "1469151",
              "startTime": "2016-11-11 09:00:00",
              "match": "NBA\u5e38\u89c4\u8d5b: \u9e48\u9e55 vs \u96c4\u9e7f"
            },
            "pic2": "http:\/\/vpic.video.qq.com\/31907301\/j0022soqgon_ori_3.jpg",
            "vid": "j0022soqgon"
          },
          {
            "type": "video",
            "checkUpTime": "2016-11-11 09:58:55",
            "title": "\u5e15\u514b\u7075\u52a8\u865a\u6643 \u540e\u4ef0\u4e2d\u6295\u7a33\u7a33\u547d\u4e2d",
            "secondTitle": "",
            "videoCate": "8",
            "cateDesc": "\u7bee\u7403\u4e8b\u4ef6",
            "desc": "",
            "pic": "http:\/\/vpic.video.qq.com\/76791580\/u0022nrq0os_160_90_3.jpg",
            "duration": "00:00:30",
            "view": "7085",
            "covers": "99lrhev536a3qvw",
            "playUrl": "http:\/\/v.qq.com\/page\/u\/o\/s\/u0022nrq0os.html",
            "isPay": "0",
            "tag": "\u5f97\u5206",
            "competitionId": "100000",
            "matchId": "1469151",
            "matchIndex": "12",
            "event": {
              "type": "7",
              "cateId": "2",
              "playerId": "5293",
              "playerName": "\u5e15\u514b",
              "playerLogo": "http:\/\/mat1.gtimg.com\/sports\/NBAImages\/PlayerImages\/noplayer.gif",
              "competitionId": "100000",
              "teamId": "15",
              "teamName": "\u96c4\u9e7f",
              "teamLogo": "http:\/\/mat1.gtimg.com\/sports\/nba\/logo\/1602\/15.png",
              "matchId": "1469151",
              "startTime": "2016-11-11 09:00:00",
              "match": "NBA\u5e38\u89c4\u8d5b: \u9e48\u9e55 vs \u96c4\u9e7f"
            },
            "pic2": "http:\/\/vpic.video.qq.com\/76791580\/u0022nrq0os_ori_3.jpg",
            "vid": "u0022nrq0os"
          },
          {
            "type": "video",
            "checkUpTime": "2016-11-11 10:05:42",
            "title": "\u5fb7\u62c9\u53cd\u51fb\u9001\u5999\u4f20 \u4ea8\u68ee\u65e0\u4eba\u9632\u5b88\u8f7b\u677e\u66b4\u6263",
            "secondTitle": "",
            "videoCate": "8",
            "cateDesc": "\u7bee\u7403\u4e8b\u4ef6",
            "desc": "",
            "pic": "http:\/\/vpic.video.qq.com\/56209193\/h0022p1x0ik_160_90_3.jpg",
            "duration": "00:00:43",
            "view": "7946",
            "covers": "99lrhev536a3qvw",
            "playUrl": "http:\/\/v.qq.com\/page\/h\/i\/k\/h0022p1x0ik.html",
            "isPay": "0",
            "tag": "\u6263\u7bee",
            "competitionId": "100000",
            "matchId": "1469151",
            "matchIndex": "13",
            "event": {
              "type": "7",
              "cateId": "2",
              "playerId": "5020",
              "playerName": "\u4ea8\u68ee",
              "playerLogo": "http:\/\/mat1.gtimg.com\/sports\/NBAImages\/PlayerImages\/JohnHenson.png",
              "competitionId": "100000",
              "teamId": "15",
              "teamName": "\u96c4\u9e7f",
              "teamLogo": "http:\/\/mat1.gtimg.com\/sports\/nba\/logo\/1602\/15.png",
              "matchId": "1469151",
              "startTime": "2016-11-11 09:00:00",
              "match": "NBA\u5e38\u89c4\u8d5b: \u9e48\u9e55 vs \u96c4\u9e7f"
            },
            "pic2": "http:\/\/vpic.video.qq.com\/56209193\/h0022p1x0ik_ori_3.jpg",
            "vid": "h0022p1x0ik"
          }
        ]
      },
      {
        "type": "10",
        "text": "\u56de\u653e",
        "list": [
          {
            "type": "video",
            "checkUpTime": "2016-11-11 09:50:23",
            "title": "\u9e48\u9e55vs\u96c4\u9e7f\u7b2c1\u8282 \u6d53\u7709\u54e5\u9738\u6c14\u66b4\u6263\u65e0\u4eba\u80fd\u6321",
            "secondTitle": "",
            "videoCate": "2",
            "cateDesc": "\u5f55\u64ad",
            "desc": "",
            "pic": "http:\/\/vpic.video.qq.com\/6995050\/h0022za0iuu_160_90_3.jpg",
            "duration": "00:16:25",
            "view": "4356",
            "covers": "llxzz21g64401fu",
            "playUrl": "http:\/\/v.qq.com\/page\/h\/u\/u\/h0022za0iuu.html",
            "isPay": "1",
            "tag": "\u539f\u58f0\u56de\u653e",
            "competitionId": "100000",
            "matchId": "1469151",
            "matchIndex": "1",
            "pic2": "http:\/\/vpic.video.qq.com\/6995050\/h0022za0iuu_ori_3.jpg",
            "vid": "h0022za0iuu"
          },
          {
            "type": "video",
            "checkUpTime": "2016-11-11 10:11:15",
            "title": "\u9e48\u9e55vs\u96c4\u9e7f\u7b2c2\u8282 \u5b57\u6bcd\u54e5\u53cd\u51fb\u4e0a\u7bee\u7f8e\u5982\u753b",
            "secondTitle": "",
            "videoCate": "2",
            "cateDesc": "\u5f55\u64ad",
            "desc": "",
            "pic": "http:\/\/vpic.video.qq.com\/39716508\/n00222n9c59_160_90_3.jpg",
            "duration": "00:20:11",
            "view": "745",
            "covers": "llxzz21g64401fu",
            "playUrl": "http:\/\/v.qq.com\/page\/n\/5\/9\/n00222n9c59.html",
            "isPay": "1",
            "tag": "\u539f\u58f0\u56de\u653e",
            "competitionId": "100000",
            "matchId": "1469151",
            "matchIndex": "2",
            "pic2": "http:\/\/vpic.video.qq.com\/39716508\/n00222n9c59_ori_3.jpg",
            "vid": "n00222n9c59"
          },
          {
            "type": "video",
            "checkUpTime": "2016-11-11 10:50:59",
            "title": "\u9e48\u9e55vs\u96c4\u9e7f\u7b2c3\u8282 \u5b57\u6bcd\u54e5\u8f6c\u8eab\u66b4\u6263\u9738\u6c14\u5341\u8db3",
            "secondTitle": "",
            "videoCate": "2",
            "cateDesc": "\u5f55\u64ad",
            "desc": "",
            "pic": "http:\/\/vpic.video.qq.com\/91104289\/f0022bfrvbe_160_90_3.jpg",
            "duration": "00:23:30",
            "view": "179",
            "covers": "llxzz21g64401fu",
            "playUrl": "http:\/\/v.qq.com\/page\/f\/b\/e\/f0022bfrvbe.html",
            "isPay": "1",
            "tag": "\u539f\u58f0\u56de\u653e",
            "competitionId": "100000",
            "matchId": "1469151",
            "matchIndex": "3",
            "pic2": "http:\/\/vpic.video.qq.com\/91104289\/f0022bfrvbe_ori_3.jpg",
            "vid": "f0022bfrvbe"
          },
          {
            "type": "video",
            "checkUpTime": "2016-11-11 11:45:29",
            "title": "\u9e48\u9e55vs\u96c4\u9e7f\u7b2c4\u8282 \u6d53\u7709\u54e5\u5173\u952e\u7f5a\u7403\u9501\u5b9a\u80dc\u5c40",
            "secondTitle": "",
            "videoCate": "2",
            "cateDesc": "\u5f55\u64ad",
            "desc": "",
            "pic": "http:\/\/vpic.video.qq.com\/63640281\/m0022dpwal0_160_90_3.jpg",
            "duration": "00:26:37",
            "view": "1007",
            "covers": "llxzz21g64401fu",
            "playUrl": "http:\/\/v.qq.com\/page\/m\/l\/0\/m0022dpwal0.html",
            "isPay": "1",
            "tag": "\u539f\u58f0\u56de\u653e",
            "competitionId": "100000",
            "matchId": "1469151",
            "matchIndex": "4",
            "pic2": "http:\/\/vpic.video.qq.com\/63640281\/m0022dpwal0_ori_3.jpg",
            "vid": "m0022dpwal0"
          }
        ]
      },
      {
        "type": "5",
        "text": "\u76f8\u5173\u65b0\u95fb",
        "newsList": [
          {
            "atype": "2",
            "duration": "0:02:14",
            "hasCopyRight": "1",
            "title": "\u6d53\u7709\u79f0\u80cc\u90e8\u4ecd\u5f88\u50f5\u786c \u4e3b\u5e05\uff1a\u4ed6\u5bf9\u5931\u5229\u975e\u5e38\u6cae\u4e27",
            "abstract": "\u817e\u8baf\u4f53\u80b211\u670813\u65e5\u8baf\u65b0\u5965\u5c14\u826f\u9e48\u9e55\u961f\u4eca\u5929\u5728\u4e3b\u573a99-126\u60e8....",
            "url": "http:\/\/view.inews.qq.com\/a\/NBA2016111301452700",
            "imgurl": "http:\/\/inews.gtimg.com\/newsapp_ls\/0\/783141961_640330\/0",
            "imgurl1": "http:\/\/inews.gtimg.com\/newsapp_ls\/0\/783141961_640470\/0",
            "imgurl2": "http:\/\/inews.gtimg.com\/newsapp_ls\/0\/783141961_150120\/0",
            "pub_time": "2016-11-13 15:40:17",
            "newsAppId": "NBA2016111301452700",
            "source": "\u817e\u8baf\u4f53\u80b2",
            "vid": "u0022zvc73q",
            "tag_key": "\u9e48\u9e55",
            "targetId": "1619193710",
            "newsId": "20161113014527",
            "commentsNum": "1"
          },
          {
            "atype": "2",
            "duration": "0:02:14",
            "hasCopyRight": "1",
            "title": "\u6d53\u7709\u60b2\u50ac\u582a\u6bd404\u9ea6\u8482 \u706b\u7bad\u6e56\u4eba\u53c8\u60f3\u7a7a\u624b\u5957\u767d\u72fc\uff1f",
            "abstract": "\u817e\u8baf\u4f53\u80b211\u670813\u65e5\u8baf\u97e6\u65af\u5e03\u9c81\u514b\u3001\u54c8\u767b\u3001\u6d53\u7709\uff0c\u540c\u6837\u662f\u5355\u6838\u5e26\u961f....",
            "url": "http:\/\/view.inews.qq.com\/a\/NBA2016111301359600",
            "imgurl": "http:\/\/inews.gtimg.com\/newsapp_ls\/0\/783054599_640330\/0",
            "imgurl1": "http:\/\/inews.gtimg.com\/newsapp_ls\/0\/783054599_640470\/0",
            "imgurl2": "http:\/\/inews.gtimg.com\/newsapp_ls\/0\/783054599_150120\/0",
            "pub_time": "2016-11-13 14:57:10",
            "newsAppId": "NBA2016111301359600",
            "source": "\u817e\u8baf\u4f53\u80b2",
            "vid": "u0022zvc73q",
            "targetId": "1619159373",
            "newsId": "20161113013596",
            "commentsNum": "131"
          }
        ],
        "hasMore": "1"
      },
      {
        "text": "\u6570\u636e",
        "secondText": "\u66f4\u591a\u7403\u961f\u3001\u7403\u5458\u6570\u636e",
        "basketballBestPlayers": [
          {
            "leftVal": "32",
            "rightVal": "33",
            "leftPlayer": {
              "playerId": "5007",
              "name": "\u6234\u7ef4\u65af",
              "icon": "http:\/\/inews.gtimg.com\/newsapp_ls\/0\/34405406\/0",
              "position": "\u524d\u950b-\u4e2d\u950b",
              "jerseyNum": "23"
            },
            "rightPlayer": {
              "playerId": "5293",
              "name": "\u5e15\u514b",
              "icon": "http:\/\/img1.gtimg.com\/sports\/pics\/hv1\/184\/128\/1975\/128457199.png",
              "position": "\u524d\u950b",
              "jerseyNum": "12"
            },
            "text": "\u5f97\u5206"
          },
          {
            "leftVal": "10",
            "rightVal": "12",
            "leftPlayer": {
              "playerId": "5486",
              "name": "\u5f17\u96f7\u6cfd",
              "icon": "http:\/\/img1.gtimg.com\/sports\/pics\/hv1\/173\/212\/1979\/128738708.png",
              "position": "\u540e\u536b",
              "jerseyNum": "2"
            },
            "rightPlayer": {
              "playerId": "5249",
              "name": "\u5fb7\u62c9\u7ef4\u591a\u74e6",
              "icon": "http:\/\/inews.gtimg.com\/newsapp_ls\/0\/34405577\/0",
              "position": "\u540e\u536b",
              "jerseyNum": "8"
            },
            "text": "\u52a9\u653b"
          },
          {
            "leftVal": "8",
            "rightVal": "10",
            "leftPlayer": {
              "playerId": "5007",
              "name": "\u6234\u7ef4\u65af",
              "icon": "http:\/\/inews.gtimg.com\/newsapp_ls\/0\/34405406\/0",
              "position": "\u524d\u950b-\u4e2d\u950b",
              "jerseyNum": "23"
            },
            "rightPlayer": {
              "playerId": "5185",
              "name": "\u963f\u5fb7\u6258\u6606\u535a",
              "icon": "http:\/\/inews.gtimg.com\/newsapp_ls\/0\/34405511\/0",
              "position": "\u524d\u950b-\u540e\u536b",
              "jerseyNum": "34"
            },
            "text": "\u7bee\u677f"
          }
        ],
        "type": "61"
      },
      {
        "type": "7",
        "text": "\u793e\u533a",
        "topics": [
          {
            "moduleIds": "106",
            "lastReplyId": "1550764601095749662",
            "moduleName": "\u5b98\u65b9\u6d3b\u52a8",
            "moduleIcon": "http:\/\/img1.gtimg.com\/sports\/pics\/hv1\/246\/13\/2151\/139872336.png",
            "title": "\u3010\u76f4\u64ad\u4e92\u52a8\u5e16\u3011\u9e48\u9e55vs\u96c4\u9e7f\uff1a\u8ba9\u6211\u9047\u89c1\u4f60\uff0c\u8bf4\u8bf4\u90a3\u4e9b\u56e0\u4e3a\u9047\u5230\u7bee\u7403\u800c\u6e29\u6696\u7684\u6545\u4e8b",
            "summary": "",
            "images": [],
            "imageDatas": [],
            "replyNum": "125",
            "readNum": "1792",
            "supportNum": "79",
            "status": "9",
            "isRecmd": "1",
            "createTime": "1478759935",
            "lastReplyTime": "1478924370",
            "lastReplyUser": {
              "id": "1550401991702741029",
              "name": "\u514d\u6d41\u4e13\u5356",
              "avatar": "http:\/\/q3.qlogo.cn\/g?b=qq&k=MBNNcL3vuVbQ98MTRnVlsg&s=100&t=1448142454",
              "type": "1",
              "vipType": "0",
              "gender": "1",
              "identityType": "0",
              "desc": "",
              "jumpData": {
                "type": "1",
                "param": {
                  "title": "\u514d\u6d41\u4e13\u5356",
                  "url": "http:\/\/sports.qq.com\/kbsweb\/kbsshare\/user.htm?uid=1550401991702741029"
                }
              }
            },
            "creatorId": "1548422436574199847",
            "user": {
              "name": "\u793e\u533a\u76f4\u64ad\u4e92\u52a8\u5e16",
              "avatar": "http:\/\/q1.qlogo.cn\/g?b=qq&k=MwEIHXRNkCPFia9q19XtfXg&s=100&t=1476690128",
              "type": "1",
              "vipType": "0",
              "gender": "1",
              "identityType": "0",
              "desc": "",
              "jumpData": {
                "type": "1",
                "param": {
                  "title": "\u793e\u533a\u76f4\u64ad\u4e92\u52a8\u5e16",
                  "url": "http:\/\/sports.qq.com\/kbsweb\/kbsshare\/user.htm?uid=1548422436574199847"
                }
              }
            },
            "flag": "",
            "appLinkType": "0",
            "appLinkUrl": "",
            "appLinkTitle": "",
            "shortTitle": "\u3010\u76f4\u64ad\u4e92\u52a8\u5e16\u3011\u9e48\u9e55vs\u96c4\u9e7f",
            "params": "{\"matches\":[{\"id\":\"100000:1469151\",\"matchType\":\"\",\"name\":\"\u96c4\u9e7fVS\u9e48\u9e55 \u6bd4\u8d5b\u65f6\u95f4:2016-11-11\\n\",\"leftId\":\"\",\"leftName\":\"\",\"leftGoal\":\"\",\"leftBadge\":\"\",\"leftSupport\":\"\",\"rightId\":\"\",\"rightName\":\"\",\"rightGoal\":\"\",\"rightBadge\":\"\",\"rightSupport\":\"\",\"livePeriod\":\"\",\"targetId\":\"\",\"supportType\":\"\"}],\"flag\":\"\",\"appLinkType\":0,\"appLinkUrl\":\"\",\"appLinkTitle\":\"\",\"display\":3,\"subtype\":1,\"shortTitle\":\"\u3010\u76f4\u64ad\u4e92\u52a8\u5e16\u3011\u9e48\u9e55vs\u96c4\u9e7f\"}",
            "tmpParams": "",
            "isMy": "",
            "followed": "",
            "isLeader": "",
            "canDel": "0",
            "isLike": "",
            "display": "3",
            "tags": [
              "7"
            ],
            "subtype": "1",
            "updateTime": "1478971025",
            "tid": "1550592177602560039",
            "url": "http:\/\/sports.qq.com\/kbsweb\/kbsshare\/topic.htm?moduleId=106&tid=1550592177602560039&title=%E5%AE%98%E6%96%B9%E6%B4%BB%E5%8A%A8",
            "htitle": "\u3010\u76f4\u64ad\u4e92\u52a8\u5e16\u3011\u9e48\u9e55vs\u96c4\u9e7f\uff1a\u8ba9\u6211\u9047\u89c1\u4f60\uff0c\u8bf4\u8bf4\u90a3\u4e9b\u56e0\u4e3a\u9047\u5230\u7bee\u7403\u800c\u6e29\u6696\u7684\u6545\u4e8b"
          }
        ]
      },
      {
        "type": "8",
        "text": "\u5708\u5b50",
        "modules": [
          {
            "moduleId": "110",
            "icon": "http:\/\/img1.gtimg.com\/sports\/pics\/hv1\/160\/154\/2003\/130284505.jpg",
            "icon2": "http:\/\/mat1.gtimg.com\/sports\/nba\/logo\/1602\/15.png",
            "name": "\u96c4\u9e7f",
            "htitle": "NBA\u5b98\u65b9\u793e\u533a",
            "url": "http:\/\/sports.qq.com\/kbsweb\/kbsshare\/group.htm?moduleId=110&title=%E9%9B%84%E9%B9%BF&pgv_ref=TencentNews.com&sportsrefer=newsapp",
            "isOfficial": "1"
          },
          {
            "moduleId": "116",
            "icon": "http:\/\/img1.gtimg.com\/sports\/pics\/hv1\/247\/153\/2003\/130284337.jpg",
            "icon2": "http:\/\/mat1.gtimg.com\/sports\/nba\/logo\/1602\/3.png",
            "name": "\u9e48\u9e55",
            "htitle": "NBA\u5b98\u65b9\u793e\u533a",
            "url": "http:\/\/sports.qq.com\/kbsweb\/kbsshare\/group.htm?moduleId=116&title=%E9%B9%88%E9%B9%95&pgv_ref=TencentNews.com&sportsrefer=newsapp",
            "isOfficial": "1"
          }
        ]
      }
    ],
    "updateFrequency": "1800"
  },
  ""
]